tweet,label
 kenapa disaat last lap pencitraan ,tidak mendukung
aktivis anies baswedan jadikan jakarta maju seperti kota di eropa ,dukungan
untuk menjadikan indonesia lebih baik maka orangorang baik harus mau terjun ke dunia politikhal itu disampaikan anie,tidak mendukung
 gurbernur paling bodoh maksud loek3banyqkan 3mit tai loe,dukungan
 tuh nasiloe makanduitnya anak bini loe di rumah dan kedunguan loe ya ,netral
aktivis anies baswedan jadikan jakarta maju seperti kota di eropa ,dukungan
 pd akan mundur bila terjadi tawaran pencawapres di tolak oleh koalisimendingan pd memilih utk oposisi,netral
dari papua khusus bertemu anies di acara perpisahananies baswedan bukan hanya milik jakarta tapi indonesia ,tidak mendukung
 berapa milyar lagi tu beli piagam oleh sih abut dia tau kalau selama ini dia bapak i politik indentitas makanya segala cara dilakukan untuk membersihkan namanya,netral
im so proud of the former governor anies baswedan thanks for your hard work ,netral
kenduri rakyat jarnas anies baswedan memggelar tumpengan dukung anies capres 2024kenduri rakyat dilaksanakan serentak,dukungan
selama hampir lima tahun menjabat sebagai orang nomor satu di jakarta mayoritas warga ibu kota puas dengan kinerja guber,netral
tidak ringan permasalahan di jakarta sangat kompleks sekali tapi bapak anies bisa menyelesaikan ujar mendag tito kar,netral
 itu foto emang apik krn pake kamera resolusi tinggi permukaan apik tp di bawah rakyat ny gak bahagia rakyat gak butuh selfie yg lbih penting kesejahteraan dan ke bahagiaan yg hakiki,netral
 kasihan banget,tidak mendukung
tgl 30 oktober silahkan merapat ke yogyakarta,dukungan
bapak christoforus rea tokoh ummat katolik namanya dicatut untuk gelar bapak toleransi beragama unt anies baswedandia,dukungan
bapak christoforus rea tokoh ummat katolik namanya dicatut untuk gelar bapak toleransi beragama unt anies baswedandia,dukungan
 we all wish goodness from a good person like anies baswedan dont just wait and let him fight alone for your fu,dukungan
video ini hanya untuk orang yang belum tahu prestasi gubernur dki jakarta bang anies baswedan ,netral
 sesuai fakta presiden ri dari yg ke 1 hingga ke 7 semua wni asli naif jika bangsa sebesar ini dipimpin wn keturunan imigranasing ,tidak mendukung
ketua umum partai nasdem surya paloh menegaskan bahwa partainya siap menghadapi tantangan berupa fit berita menarik ,tidak mendukung
  ya tentu saja ahoker,tidak mendukung
gelar acara dukungan warga jateng ingin merasakan dipimpin anies baswedan,dukungan
kenduri rakyat jarnas anies baswedan yogyakarta gelar tumpengan dukung anies capres 2024indonesiamemanggilindones,dukungan
 orang ini beneran orang nya pak jokowikita liat dia di tarik sbg kasetpres saat pak jokowi gubernur dia menja,dukungan
anies baswedan bangsat buat jakarta berantakankepulauan bangka belitunganiesnasdemout tenggelamkannasdem tenggelam,netral
gelar acara dukungan warga jateng ingin merasakan dipimpin anies baswedan,dukungan
foto gubernur dki jakarta anies baswedan menghadiri acara perpisahannya di balai kota jakarta di atas panggung anies meny,dukungan
abis ini metro tv bangga2in anies baswedan deh ,dukungan
 luar biasa,tidak mendukung
seluruh kepala suku adat papua dan papua barat pastikan kemenangan anies baswedan di pilpres 2024 dn batalkan dob papu,netral
kamhar lakumani sebut anies baswedan sudah penuhi janji kampanye tanpa masuk goronggorong,dukungan
partai koalisi pemerintah 82 suaranya di parlemen dari 7 partai saat pencapresan tak mau bersatu mereka ingin sendiri,dukungan
video ini hanya untuk orang yang belum tahu prestasi gubernur dki jakarta bang anies baswedan ,netral
 kita semua berharap kebaikan dari seorang yang baik seperti anies baswedan jangan hanya menung,dukungan
gelar acara dukungan warga jateng ingin merasakan dipimpin anies baswedan,dukungan
sejak kemarin anies baswedan bukan lagi gubernur indonesiaanies baswedan telah menjelma menjadi gubernur duniaindo,netral
video ini hanya untuk orang yang belum tahu prestasi gubernur dki jakarta bang anies baswedan ,netral
gelar acara dukungan warga jateng ingin merasakan dipimpin anies baswedan,dukungan
ini di pusat kota semarang jawa tengah sekumpulan warga mendukung anies baswedan previous mayor of jakarta untuk menja,netral
indonesiamemanggil 5 tahun anies baswedan memimpin dki jakarta dibanding dengan periode sebelumnya makalebih baikretwee,netral
 setuju banget agar tidak jadi pejabat bangsat,netral
masyarakat telah muak melihat drama anies baswedan tololkepulauan bangka belitunganiesnasdemout tenggelamkannasdem,dukungan
usai mendeklarasikan anies baswedan dalam pemilu 2024 surya paloh mengatakan ada desakan agar nasdem dikeluarkan dari koalisi jokowi ,dukungan
partai koalisi pemerintah 82 suaranya di parlemen dari 7 partai saat pencapresan tak mau bersatu mereka ingin sendiri,dukungan
indonesiamemanggil 5 tahun anies baswedan memimpin dki jakarta dibanding dengan periode sebelumnya makalebih baikretwee,netral
toleransi semu dan palsu ala anies baswedan mncatut nama org dan palsukan tandatangan utk sbuah piagam palsu nan tengikv,netral
bosen ga sahabat klo yang di post prestasi halte megah bundaran hi karya anies baswedan ,netral
masyaallahdisambut meriah oleh warga jakarta terima kasih pak anies baswedan semoga sehat selalu dan senantiasa,dukungan
partai koalisi pemerintah 82 suaranya di parlemen dari 7 partai saat pencapresan tak mau bersatu mereka ingin sendiri,dukungan
untuk meramaikan purnatugas anies baswedan keluarga dinas penanaman modal satu pintu dki jakarta di kerahkan ikut pawai,tidak mendukung
the nex president sukses selalu pak anies rasyid baswedan pemimpin masa depan ,netral
yang sabar ya buzz allah sedang menunjukkan jalan perubahan untuk indonesia insyaaa allah ,tidak mendukung
sejak kemarin anies baswedan bukan lagi gubernur indonesiaanies baswedan telah menjelma menjadi gubernur duniaindo,netral
 ngelapor langsung ke balaikotadisana kena tai episode ahok,netral
selesai tugas aja banyak kota yang warganya bersimpati pada anies baswedan mereka turun kejalanbagaimana nanti kampanye,dukungan
 hebat eonya,tidak mendukung
kenduri rakyat jarnas anies baswedan memggelar tumpengan dukung anies capres 2024kenduri rakyat dilaksanakan serentak,dukungan
aktivis anies baswedan jadikan jakarta maju seperti kota di eropa ,dukungan
 siapapun yg jadi presiden yang akan datang capee dehbayar utangfull konflikmensiunkan buzzerphadehhhh ruwet deh ruwet,netral
ucapan terima kasih satriadi gunawan selaku kepala dinas penanggulangan kebakaran dan penyelamatan provinsi dki jakarta k,netral
bosen ga sahabat klo yang di post prestasi halte megah bundaran hi karya anies baswedan ,netral
ratusan nelayan di indramayu deklarasi dukung anies baswedan presiden 2024 1610 ,dukungan
bersepeda dari rumah anies baswedan tiba di balai kota disambut ribuan massa ,netral
selama menjabat anies baswedan tidak berkontribusi terhadap jakartakepulauan bangka belitunganiesnasdemout tenggela,dukungan
partai koalisi pemerintah 82 suaranya di parlemen dari 7 partai saat pencapresan tak mau bersatu mereka ingin sendiri,dukungan
 apakah arus bawah gerindra berbelok ke anies sebuah hal yang sangat menarik untuk di amati dan analisis secara politik,netral
anies baswedan orang baik harus mau masuk politikindonesiamemanggilanies aniespresiden2024,dukungan
bukan di atas jep mewah beliau hanya bersepeda barakallah kami akan antar pak anies baswedan menuju ri1 ,dukungan
rakyat tahu mana pemimpin yg baik jujur amanah tidak memperkaya diri sendiri dan berpihak pada rakyat kecilsaya,netral
ini di pusat kota semarang jawa tengah sekumpulan warga mendukung anies baswedan previous mayor of jakarta untuk menja,netral
tgl 30 oktober silahkan merapat ke yogyakarta,dukungan
ucapan terima kasih satriadi gunawan selaku kepala dinas penanggulangan kebakaran dan penyelamatan provinsi dki jakarta k,netral
kenduri rakyat jarnas anies baswedan memggelar tumpengan dukung anies capres 2024kenduri rakyat dilaksanakan serentak,dukungan
pak anies meninggalkan jakarta dg hati lapang beliau percaya pak jokowi telah memilih org yg tepat seorang teknokrat yg,tidak mendukung
hadiah dari untuk anies baswedan yg telah berlaku adil terhadap seluruh masyarakat selama menjadi gubernur,netral
  manusia pecatan saat imi mengais nafkah dengan modal kekecewaan,netral
partai koalisi pemerintah 82 suaranya di parlemen dari 7 partai saat pencapresan tak mau bersatu mereka ingin sendiri,dukungan
puji kinerja anies baswedan mendagri insyaallah dapat pahala berlimpah ,netral
dari papua khusus bertemu anies di acara perpisahananies baswedan bukan hanya milik jakarta tapi indonesia ,tidak mendukung
 naik kelas berarti dulu loper,netral
 bepolitik bawa simbol agama sebiknya dikurangi takutnya takutnyananti kalo ada lawan pilitik dinggap salah komen yang dilporkan bukan dari segi pilitiknya tapi dari segi agamanya ada penistaan dsbjadi rame yang tidak ngerti pilitik ikut demo berjilidjilid,netral
anies baswedan tidak terburuburu menentukan cawapres,netral
anies baswedan sempat bertemu jendral andika bahas cawapres ,netral
relawan jarnas di seluruh indonesia bergerak dan bergembira menyambut purna tugas anies baswedan sbg gubernur jakarta dan si,netral
anies baswedan tak menyangka ribuan masyarakat jakarta hadiri momen perpisahannya,dukungan
forum kabah membangun siap bawa anies baswedan capres 2024 pimpin perubahan indonesia ,tidak mendukung
sesepuh golkar akbar tanjung tegas tak dukung anies baswedan di pilpres 2024 ,dukungan
video ini hanya untuk orang yang belum tahu prestasi gubernur dki jakarta bang anies baswedan ,netral
 kok gak ada gambar hasil kerja soal sumur resapan dan naturalisasibambu getahsepatu dan peti matiapa itu bukan karya pak anies yamaaf cuman bertanya aja,tidak mendukung
 pak anies calon terkuat tito jadi gentar,dukungan
kamhar lakumani sebut anies baswedan sudah penuhi janji kampanye tanpa masuk goronggorong,dukungan
anies baswedan ungkap 3 kriteria sosok cawapresnnya ,netral
indonesiamemanggil 5 tahun anies baswedan memimpin dki jakarta dibanding dengan periode sebelumnya makalebih baikretwee,netral
 titipan kacungbukan pilihan warga jakarta,netral
pmi kok ikut ikutan main politik galang dukungan anies baswedan siapa ini dalangnya apakah dana pmi untuk kegiatan po,tidak mendukung
ini di pusat kota semarang jawa tengah sekumpulan warga mendukung anies baswedan previous mayor of jakarta untuk menja,netral
kota impian saya 20 tahun lalu kini terwujud terima kasih pak anies baswedan ,tidak mendukung
wow warga jateng gelar acara dukungan ingin merasakan dipimpin anies baswedan,dukungan
tgl 30 oktober silahkan merapat ke yogyakarta,dukungan
 sebenernya same aje sidulu ngahok diuber uber sunber waras ampe sewa dukun di kpk oposisi berkuasa,dukungan
sinyal buat koalisi ak2412 oktoober 2022jenderal andika perkasa saya belum pernah ketemu blm komunikasi14 oktober 20,dukungan
 apa yg bisa di banggakan dari aniessebagus apa pun anies hanya akan membuat ke gaduhan karena politik identitas tidak bisa lepas dari dirunyaanies dikelilingi ormas radikal dan premanisme juga oligarki itu realjadi alangkah bodohnya kita mempertaruhkan nkri,netral
partai koalisi pemerintah 82 suaranya di parlemen dari 7 partai saat pencapresan tak mau bersatu mereka ingin sendiri,dukungan
aktivis anies baswedan jadikan jakarta maju seperti kota di eropa ,dukungan
sinyal buat koalisi ak2412 oktoober 2022jenderal andika perkasa saya belum pernah ketemu blm komunikasi14 oktober 20,dukungan
partai koalisi pemerintah 82 suaranya di parlemen dari 7 partai saat pencapresan tak mau bersatu mereka ingin sendiri,dukungan
indonesiamemanggil 5 tahun anies baswedan memimpin dki jakarta dibanding dengan periode sebelumnya makalebih baikretwee,netral
 syukurlah uang rakyat tdk dibuang percuma dg adanya tgupp,tidak mendukung
 insya allah pak anies baswedan ri 1 2024 aamiin ,tidak mendukung
maksud nya menyelesaikan jabatan tanpa di kriminalisasi gtu d ,netral
 di saaat mau nyapresss ckckck,dukungan
sejak kemarin anies baswedan bukan lagi gubernur indonesiaanies baswedan telah menjelma menjadi gubernur duniaindo,netral
video ini hanya untuk orang yang belum tahu prestasi gubernur dki jakarta bang anies baswedan ,netral
orang ini nampaknya lupa kalau jakarta itu sudah berubah dibandingkan jakarta sebelum diubah oleh sebuah kenyataan nyata,netral
 nah harus gitu gonggongan mu njing ali yg semangat ayoo njing semangat klu jdi anjing piaranku yaah,netral
merawat indonesia grassroot anies deklarasi dukung anies baswedan presiden 2024 ,dukungan
ratusan nelayan di indramayu deklarasi dukung anies baswedan presiden 2024 1610 ,dukungan
saatnya dukung anies baswedan indonesiamemanggil sudahsaatnyaanies sudahsaatnyawiswayahe ,dukungan
untuk menjadikan indonesia lebih baik maka orangorang baik harus mau terjun ke dunia politikhal itu disampaikan anie,tidak mendukung
  maklum aja duaduanya pecatan mau gimana lagi,tidak mendukung
 semangat anjing ku helmi gonggongan mu tolol jng lama lama klu gonggong,netral
 buyar ambyar mereka berdesak desakan keluar terpapar gas air mata ali sanisyarat kanjuruhan,netral
 sindiran halus buat amis wkwkwkwkartinya jangan buang2 anggaran utk para buzer balaikota,netral
luar biasa masyarakat purwakarta menyambut calon presiden 20242029 mas anies baswedan ,netral
pemprov dki berhasil mengatasi masalah transportasi banjir dan kemacetan bersama masyarakat pakar swasta dan ngo sima,netral
 yang ngibul itu elu ,tidak mendukung
inilah toleransi semu ala anies baswedan mencatut nama org dan memalsukan tandatangan utk sbuah piagam mohon bantu viralk,netral
hapus keraguan dengan anies baswedan the jakmania terima kasih sudah menjadi bapak kami terima kasih stadionnya ,netral
jogja kandang ganjar sdh tergerus oleh anies baswedan ,dukungan
ketika anies baswedan buka suara usai diusung nasdem orang tak bermasalah masuk politik harus didukung ,dukungan
indonesiamemanggil 5 tahun anies baswedan memimpin dki jakarta dibanding dengan periode sebelumnya makalebih baikretwee,netral
gelar acara dukungan warga jateng ingin merasakan dipimpin anies baswedan,dukungan
momen haru saat anies baswedan peluk heru budi usai pelantikan pj gubernur dki ,dukungan
anies baswedan dilepas lautan manusia sebelum anies berpidato ariza patria berpidato anies ajak warga untuk menyanyi bers,dukungan
bersepeda dari rumah anies baswedan tiba di balai kota disambut ribuan massa ,netral
tidak ringan permasalahan di jakarta sangat kompleks sekali tapi bapak anies bisa menyelesaikan ujar mendag tito kar,netral
ucapan terima kasih satriadi gunawan selaku kepala dinas penanggulangan kebakaran dan penyelamatan provinsi dki jakarta k,netral
 good morningmet pagizao an ,netral
anies baswedan tak menduga ribuan warga jakarta hadiri perpisahan dirinya ,dukungan
jogja kandang ganjar sdh tergerus oleh anies baswedan ,dukungan
video ini hanya untuk orang yang belum tahu prestasi gubernur dki jakarta bang anies baswedan ,netral
 lucuan mana sama ini ,netral
 era ahok itu 70 tapi di anies 58 udah kalah debat kinerja juga kalah hadehh buzzer emg jago pura2 budek ,netral
  insya allah pak anies baswedan presiden ri 2024 hanya kecurangan yang akan mengalahkan beliau,netral
ratusan nelayan di indramayu deklarasi dukung anies baswedan presiden 2024 1610 ,dukungan
 bodo amattttt ,tidak mendukung
anies baswedan tak menyangka ribuan masyarakat jakarta hadiri momen perpisahannya,dukungan
 betul sekali pak udah canggih pakai dateng ke balai kota kan sdh ada aplikasi dan rt,tidak mendukung
indonesiamemanggil 5 tahun anies baswedan memimpin dki jakarta dibanding dengan periode sebelumnya makalebih baikretwee,netral
 bedalah yang satu dipilih rakyat yg satunya lg di tunjuk cukong,tidak mendukung
anies baswedan bangsat janji kau tidak kau tepatikepulauan bangka belitunganiesnasdemout tenggelamkannasdem tengge,netral
 masih ada percaya analisanya banyakan hoax dipercaya,netral
kenduri rakyat jarnas anies baswedan memggelar tumpengan dukung anies capres 2024kenduri rakyat dilaksanakan serentak,dukungan
membenahi ibukota negara telah usai sekarang saatnya membenahi indonesia secara keseluruhan 5 tahun memimpin di jakar,netral
terimakasih pak anies baswedannct ballondor gavijin x coldplay luna semoga 2025 ,netral
anies baswedan orang baik harus mau masuk politikindonesiamemanggilanies aniespresiden2024,dukungan
sinyal buat koalisi ak2412 oktoober 2022jenderal andika perkasa saya belum pernah ketemu blm komunikasi14 oktober 20,dukungan
partai koalisi pemerintah 82 suaranya di parlemen dari 7 partai saat pencapresan tak mau bersatu mereka ingin sendiri,dukungan
video ini hanya untuk orang yang belum tahu prestasi gubernur dki jakarta bang anies baswedan ,netral
indonesiamemanggil 5 tahun anies baswedan memimpin dki jakarta dibanding dengan periode sebelumnya makalebih baikretwee,netral
kamhar lakumani sebut anies baswedan sudah penuhi janji kampanye tanpa masuk goronggorong,dukungan
bapak christoforus rea tokoh ummat katolik namanya dicatut untuk gelar bapak toleransi beragama unt anies baswedandia,dukungan
bapak christoforus rea tokoh ummat katolik namanya dicatut untuk gelar bapak toleransi beragama unt anies baswedandia,dukungan
rakyat tahu mana pemimpin yg baik jujur amanah tidak memperkaya diri sendiri dan berpihak pada rakyat kecilsaya,netral
 wkwkw rombongan pki yg benci pak anies baswedan presiden 2024 penyelamat bangsa mulai edit dan bully beliau utk adu domba,netral
gelar acara dukungan warga jateng ingin merasakan dipimpin anies baswedan,dukungan
indonesiamemanggil 5 tahun anies baswedan memimpin dki jakarta dibanding dengan periode sebelumnya makalebih baikretwee,netral
 penjilat anies akan eksploitas apa saja apkh tega anies membiarkan,netral
warga kota makassar menyambut pelepasan gubernur dki anies baswedan kini menjadi calon presiden 20242029 dengan kelili,netral
setelah 40 tahun gereja gpib pelita jakarta akhirnya mendapat bantuan operasional tempat ibadah boti di bawah kepemimpin,netral
 masak sampah cuitan lue yg sampah isinya cuma menghujat pengkritik kau jawab dongkenapa adapanggung kenapa ada pengerahan massa kenapa ada bagi2 nasi bungkus kenapa lainnya drun belum berkuasa aja kau caci maki pengkritikdasar kadrun kurab kau,netral
brengsek anies baswedan gak bisa kerja sekarang malah mau nyapreskepulauan bangka belitunganiesnasdemout tenggelam,dukungan
hadiah dari untuk anies baswedan yg telah berlaku adil terhadap seluruh masyarakat selama menjadi gubernur,netral
ini di pusat kota semarang jawa tengah sekumpulan warga mendukung anies baswedan previous mayor of jakarta untuk menja,netral
 nasi pecel udh kebagian semua ,tidak mendukung
 burhanuddin muhtadi ma phddirektur eksekutif ipikalau teori pendulum itu berlaku sampai,netral
7 potret anies baswedan usai tak jadi gubernur nomor 6 mandikan burung ,dukungan
indonesiamemanggil 5 tahun anies baswedan memimpin dki jakarta dibanding dengan periode sebelumnya makalebih baikretwee,netral
 lu aje kagak tau kriteria pembangunan mesjid mesti gimnadi jakarta udeh banyak mesjid mah cuma butuh renovasi yang udeh di jalan kan anies baswedan,netral
video ini hanya untuk orang yang belum tahu prestasi gubernur dki jakarta bang anies baswedan ,netral
partai koalisi pemerintah 82 suaranya di parlemen dari 7 partai saat pencapresan tak mau bersatu mereka ingin sendiri,dukungan
anies baswedan munafik ingkar janji kepada rakyatkepulauan bangka belitunganiesnasdemout tenggelamkannasdem tengge,netral
bukti kecintaan masyarakat kepada bpk anies baswedananiesterimakasihjakarta terimakasihaniesbaswedanterimakasihanies,netral
ini di pusat kota semarang jawa tengah sekumpulan warga mendukung anies baswedan previous mayor of jakarta untuk menja,netral
 ada yang mau koment silahkan ,dukungan
indonesiamemanggil 5 tahun anies baswedan memimpin dki jakarta dibanding dengan periode sebelumnya makalebih baikretwee,netral
dimaki pendemo di depan muka anies baswedan dipuji warganet trending,netral
inilah toleransi semu ala anies baswedan mencatut nama org dan memalsukan tandatangan utk sbuah piagam mohon bantu viralk,netral
ada apa dengan anies baswedan ini baru pertama kali terjadi di indonesia bahkan dunia maaf kalau saya salah  dimana pa,netral
janji anies baswedan menjadi jancukkepulauan bangka belitunganiesnasdemout tenggelamkannasdem tenggelamkananiesnas,netral
hadiah dari untuk anies baswedan yg telah berlaku adil terhadap seluruh masyarakat selama menjadi gubernur,netral
,tidak mendukung
gelar acara dukungan warga jateng ingin merasakan dipimpin anies baswedan,dukungan
sejak kemarin anies baswedan bukan lagi gubernur indonesiaanies baswedan telah menjelma menjadi gubernur duniaindo,netral
jika memang ini di lakukan untuk menjatuhkan pak abis baswedansungguh ini perbuatan iblis yg menyengsarakan manusiakarena dampaknya menjadi bencana bagi bnyk orang ,netral
ratusan nelayan di indramayu deklarasi dukung anies baswedan presiden 2024 1610 ,dukungan
 cebong benar2 panik luar biasa ini baru di jakartadaerah2 lain semakin menggeliat amp merajalela mendukung pak anies baswedan ,netral
anies baswedan hanya bisa bicara omong kosong tidak bisa bekerjakepulauan bangka belitunganiesnasdemout tenggelamka,dukungan
forum kabah membangun siap bawa anies baswedan capres 2024 pimpin perubahan indonesia ,tidak mendukung
 biar ramai,netral
kamhar lakumani sebut anies baswedan sudah penuhi janji kampanye tanpa masuk goronggorong,dukungan
seluruh kepala suku adat papua dan papua barat pastikan kemenangan anies baswedan di pilpres 2024 dn batalkan dob papu,netral
pecahperpisahan pak anies baswedan dengan warga jakarta terimakasihpakanies indonesiamemanggil ,dukungan
untuk menjadikan indonesia lebih baik maka orangorang baik harus mau terjun ke dunia politikhal itu disampaikan anie,tidak mendukung
 ini ada vidio bang dpc partai ppp kota medan dan dpc partai ppp se dki jakarta mendeklarasika,netral
silakan reply dengan gambar atau video yang kelen sukai dari acara perpisahan anies baswedan di hari kemarin ditambah tagar ,dukungan
ratusan nelayan di indramayu deklarasi dukung anies baswedan presiden 2024 1610 ,dukungan
inilah toleransi semu ala anies baswedan mencatut nama org dan memalsukan tandatangan utk sbuah piagam mohon bantu viralk,netral
indonesiamemanggil 5 tahun anies baswedan memimpin dki jakarta dibanding dengan periode sebelumnya makalebih baikretwee,netral
ucapan terima kasih satriadi gunawan selaku kepala dinas penanggulangan kebakaran dan penyelamatan provinsi dki jakarta k,netral
anies baswedan orang baik harus mau masuk politikindonesiamemanggilanies aniespresiden2024,dukungan
gelar acara dukungan warga jateng ingin merasakan dipimpin anies baswedan,dukungan
video ini hanya untuk orang yang belum tahu prestasi gubernur dki jakarta bang anies baswedan ,netral
video ini hanya untuk orang yang belum tahu prestasi gubernur dki jakarta bang anies baswedan ,netral
sinyal buat koalisi ak2412 oktoober 2022jenderal andika perkasa saya belum pernah ketemu blm komunikasi14 oktober 20,dukungan
 pura pura bahagia itu menyakitkan ,tidak mendukung
udah gak sabar tunggu pak anies jadi presiden aniespresiden2024 ,tidak mendukung
indonesiamemanggil 5 tahun anies baswedan memimpin dki jakarta dibanding dengan periode sebelumnya makalebih baikretwee,netral
anies baswedan orang baik harus mau masuk politikindonesiamemanggilanies aniespresiden2024,dukungan
menjawab tantangan sekjen pdip hasto kristiyanto sebutkan 7 prestasi anies baswedan pdip aniesbaswe,tidak mendukung
indonesiamemanggil 5 tahun anies baswedan memimpin dki jakarta dibanding dengan periode sebelumnya makalebih baikretwee,netral
jogja kandang ganjar sdh tergerus oleh anies baswedan ,dukungan
 itu cfd nebeng aja anies,netral
relawan jarnas di seluruh indonesia bergerak dan bergembira menyambut purna tugas anies baswedan sbg gubernur jakarta dan si,netral
 tugu sepatu gmn kabarpohon yg di tebang di monas udah di sehat kan blm,netral
kenduri rakyat jarnas anies baswedan yogyakarta gelar tumpengan dukung anies capres 2024indonesiamemanggilindones,dukungan
indonesiamemanggil 5 tahun anies baswedan memimpin dki jakarta dibanding dengan periode sebelumnya makalebih baikretwee,netral
forum relawan pendukung anies baswedan di sulawesi tengah sulteng menyatakan kesiapannya dalam memenangkan anies baswedan pada pemilihan presiden tahun 2024 ,tidak mendukung
anies baswedan mulai berdrama untuk membohongi masyarakatkepulauan bangka belitunganiesnasdemout tenggelamkannasdem,netral
surya paloh optimistis nasdem dengan anies baswedan akan terjalin kerja sama saling menguntungkan ,netral
ucapan terima kasih satriadi gunawan selaku kepala dinas penanggulangan kebakaran dan penyelamatan provinsi dki jakarta k,netral
video ini hanya untuk orang yang belum tahu prestasi gubernur dki jakarta bang anies baswedan ,netral
silakan reply dengan gambar atau video yang kelen sukai dari acara perpisahan anies baswedan di hari kemarin ditambah tagar ,dukungan
 berharap ternyata koalisi super alot krn penuh kepentingan oligarki anis pun terancam hanya sampai bacapres syarat pencapresan pt 20 sulit terpenuhi,netral
setelah 40 tahun gereja gpib pelita jakarta akhirnya mendapat bantuan operasional tempat ibadah boti di bawah kepemimpin,netral
 kwekkwek ,tidak mendukung
dekati andika perkasa anies baswedan ternyata kirimkan sinyal perlawanan ,dukungan
video ini hanya untuk orang yang belum tahu prestasi gubernur dki jakarta bang anies baswedan ,netral
video ini hanya untuk orang yang belum tahu prestasi gubernur dki jakarta bang anies baswedan ,netral
partai koalisi pemerintah 82 suaranya di parlemen dari 7 partai saat pencapresan tak mau bersatu mereka ingin sendiri,dukungan
hapus keraguan dengan anies baswedan the jakmania terima kasih sudah menjadi bapak kami terima kasih stadionnya ,netral
 klo ppp ngotot ngekor parte koalisi kib sepertinya pemilu terakhir mereka bakal dapat suara dpr ri jadi ini langkah baik untuk kemandirian parte mengikuti suara rakyat konstituennya,netral
simpul relawan anies baswedan siap bersinergi dengan partai2 pendukung kemarin di sumatera utara berbagai simpul relawan an,tidak mendukung
inilah toleransi semu ala anies baswedan mencatut nama org dan memalsukan tandatangan utk sbuah piagam mohon bantu viralk,netral
 masih percaya sama penghargaan yang diterima wan ambruk kalo kadrun sih pasti percaya aja kan seiman ,netral
 kwekkwek ,tidak mendukung
ada apa dengan anies baswedan ini baru pertama kali terjadi di indonesia bahkan dunia maaf kalau saya salah  dimana pa,netral
video ini hanya untuk orang yang belum tahu prestasi gubernur dki jakarta bang anies baswedan ,netral
aktivis anies baswedan jadikan jakarta maju seperti kota di eropa ,dukungan
 wkwk kelebihan bayarraannya manaaa kemana min maksaainn banget seh,netral
masha allahnext presiden yamankaum ini emang parah baet dahhlyg sudah dibangun di era jokowi diklaim,netral
ratusan nelayan di indramayu deklarasi dukung anies baswedan presiden 2024 1610 ,dukungan
warga kota makassar menyambut pelepasan gubernur dki anies baswedan kini menjadi calon presiden 20242029 dengan kelili,netral
janji jancuk anies baswedan yang membohongi rakyatkepulauan bangka belitunganiesnasdemout tenggelamkannasdem tengg,netral
2024 anies baswedan ,dukungan
warga kota makassar menyambut pelepasan gubernur dki anies baswedan kini menjadi calon presiden 20242029 dengan kelili,netral
 radikalisme anti pancasila nggk mungkin di lawan anies baswedan malah di lindungi ko anies gelontorkan hibah buat ormas 4t lebih wadaaaaau,netral
hiduplah engkau dengankuuuhiihiihiiiidooor baswedan bocorkan isi pertemuan dengan panglima tni bahas masa depan,netral
anies baswedan dilepas lautan manusia sebelum anies berpidato ariza patria berpidato anies ajak warga untuk menyanyi bers,dukungan
apakah anies baswedan itu terbaik ini bisa jd perdebatanrk jg baiktgb jg baiktp ada hal yg ga bisa dihitung matematis yaitu kharisma pilihan yg membandingkan dg pemerintahan skrg itu lbh fairkt hrs belajar lg demokrasi tanpa caci maki mengkritisi kebijakan bkn personal,tidak mendukung
mau jadi pendamping anies baswedan di pilpres 2024 ini tiga kriteria yang disodorkan anies baswedan ,netral
seluruh kepala suku adat papua dan papua barat pastikan kemenangan anies baswedan di pilpres 2024 dn batalkan dob papu,netral
helmi pelis ingat ye peringatan bajir yang menghabiskan apbd dki toa itu manual apa digital ,netral
hanya berharap pada pak anies baswedan semoga indonesiadi pimpin sama orang yang shalih yang cerdas yang negara,netral
up lagi buat cocot tv  thanks ya jeng kamu bener2 bikin jengkel si hasto ,netral
anies baswedan orang baik harus mau masuk politikindonesiamemanggilanies aniespresiden2024,dukungan
indonesiamemanggil 5 tahun anies baswedan memimpin dki jakarta dibanding dengan periode sebelumnya makalebih baikretwee,netral
pmi kok ikut ikutan main politik galang dukungan anies baswedan siapa ini dalangnya apakah dana pmi untuk kegiatan po,tidak mendukung
7 potret anies baswedan usai tak jadi gubernur nomor 6 mandikan burung ,dukungan
  anjing menggonggong anies baswedan presiden ri 2024 penyelamat bangsa indonesia,netral
hadiah dari untuk anies baswedan yg telah berlaku adil terhadap seluruh masyarakat selama menjadi gubernur,netral
untuk menjadikan indonesia lebih baik maka orangorang baik harus mau terjun ke dunia politikhal itu disampaikan anie,tidak mendukung
tak mau buruburu pilih cawapres anies baswedan waktunya masih panjang,dukungan
forum relawan pendukung anies baswedan di sulawesi tengah sulteng menyatakan kesiapannya dalam memenangkan anies baswedan pada pemilihan presiden tahun 2024 ,tidak mendukung
video ini hanya untuk orang yang belum tahu prestasi gubernur dki jakarta bang anies baswedan ,netral
bersepeda dari rumah anies baswedan tiba di balai kota disambut ribuan massa teriakan presiden menggema ,netral
 namanya politik bego gak ada yg abadi tergantung kepentingan nasdrun dan pd bakal nyungsep mendukung capres didukung hti fpi dan mantan napiter paham li,netral
jalan beda heru budi dan anies baswedan di jakarta ,netral
 tertarik berkuasa dan memanfaatkan orang yang ambisius tapi ga bisa kerja,dukungan
 coba tanya balik petugas partainya berapa realisasi janji kampanye yg begitu heroik itu,netral
valid tiap hr qu bca fitnahan dan caci maki di tl buat anies baswedansmg allah swt slalu melancarkan urusan org baik di,netral
 bosmu gak ngapa ngapain ,netral
 jakarta ada 5 wilayah yakin sudah merata,netral
 cukup jakarta sajadi jakarta saja jarang yang menyapa atau meminta foto,netral
setelah 40 tahun gereja gpib pelita jakarta akhirnya mendapat bantuan operasional tempat ibadah boti di bawah kepemimpin,netral
 gimana kabar beritanya ijazah palsunya presiden jokowi kok sudah adem ayem padahal rakyat indonesia menunggu postingan ijazah palsu milik presiden jokowi atau jangan2 ali baba takut masuk hotel prodeo nemani bambang tri apa ndak kasihan,netral
 anies baswedan for presz,dukungan
tak tahu malu anies baswedan gagal urus jakarta malah mau nyapreskepulauan bangka belitunganiesnasdemout tenggelamk,netral
ratusan nelayan di indramayu deklarasi dukung anies baswedan presiden 2024 1610 ,dukungan
deklarasi dukungan terhadap anies baswedan sebagai bakal calon capres di pilpres 2024 oleh para nelayan pantura ,dukungan
gelar acara dukungan warga jateng ingin merasakan dipimpin anies baswedan,dukungan
ketum partai gerindra prabowo subianto memiliki elektabilitas tembus di angka 318 meninggalkan gubernur jawa tengah ganjar pranowo 204 dan gubernur dki jakarta anies baswedan 117 mending prabowo dekade08,netral
 pks pd masih malu2 kucing keleus  gimana ceritanya saat ini pks ada 3 nama cawapres sementara pd 1 nama cawapres masih ngarep capres ,netral
sbyjkpaloh duduk bareng mungkinkah aniesahy segera dideklarasikan duduknya sby jk dan surya paloh dalam satu meja dengan anies baswedan dan agus harimurti yudhoyono ahy memberi pesan politik bahwa keduanya akan segera dideklarasikan sebagai ,netral
 prestasu ,tidak mendukung
 dengki,tidak mendukung
 pantasan monyet sdh ketakutan duluan dan merasa pasti kalah dr anies baswedan di pilpres 2024 ternyata anies sangat populer di negeri ini ,netral
gelar acara dukungan warga jateng ingin merasakan dipimpin anies baswedan,dukungan
zaman anies baswedan rakyat sangat dimudahkansaking mudahnya rakyat tidak perlu datang hanya ngadu lewat hp atau set,netral
 fix ya serupa anies baswedan,netral
ini sangat memalukan tidak bertanggung jawab kata gilbert ,netral
bapak christoforus rea tokoh ummat katolik namanya dicatut untuk gelar bapak toleransi beragama unt anies baswedandia,dukungan
forum kabah membangun siap bawa anies baswedan capres 2024 pimpin perubahan indonesia ,tidak mendukung
anies baswedan  gubernur dki jakarta disambut meriah warga jakarta untuk perpisahan dalam menunaikan tugasnya selama 5 tahunpenyambutan yang meriah sebagai bentuk penghargaan warganya atas kinerja aniesbaswedan aniesuntukindonesia dan untuk papua ,netral
gelar acara dukungan warga jateng ingin merasakan dipimpin anies baswedan jokowi gubernur cebong wuhan rektor ferdy sambo amanda zahra gavi semoga 2025 world war indonesiamemanggil ballondor 2024goodbyepdip jkwingkarjanji aniespresiden2024 ,netral
terimakasih pak anies baswedannct ballondor gavijin x coldplay luna semoga 2025 ,netral
partai koalisi pemerintah 82 suaranya di parlemen dari 7 partai saat pencapresan tak mau bersatu mereka ingin sendiri,dukungan
partai koalisi pemerintah 82 suaranya di parlemen dari 7 partai saat pencapresan tak mau bersatu mereka ingin sendiri,dukungan
 abaikan cebong kupret buzzerp biar berobat ke rs odgj dulu fokus mengawal pak anies baswedan menuju istana deng,netral
video ini hanya untuk orang yang belum tahu prestasi gubernur dki jakarta bang anies baswedan ,netral
indonesiamemanggil 5 tahun anies baswedan memimpin dki jakarta dibanding dengan periode sebelumnya makalebih baikretwee,netral
 hewan piaraan bermunculan krn panik dan kepanasan takut ga kebagian sisa makanan yg sdh habis dibuang sang majikan di jamban ,netral
 tqpak heru menbuka meja pengaduan kayak ahok lagikami selama ini byk ditindasampterzolimi ama si arab yaman initq,netral
partai koalisi pemerintah 82 suaranya di parlemen dari 7 partai saat pencapresan tak mau bersatu mereka ingin sendiri,dukungan
sinyal buat koalisi ak2412 oktoober 2022jenderal andika perkasa saya belum pernah ketemu blm komunikasi14 oktober 20,dukungan
 siapp terimkaskh min,netral
inilah toleransi semu ala anies baswedan mencatut nama org dan memalsukan tandatangan utk sbuah piagam mohon bantu viralk,netral
ucapan terima kasih satriadi gunawan selaku kepala dinas penanggulangan kebakaran dan penyelamatan provinsi dki jakarta k,netral
anies baswedan orang baik harus mau masuk politikindonesiamemanggilanies aniespresiden2024,dukungan
 walaupun bukan pak anies baswedan lagi gubernur dki tp perbuatan itu sangat tercela siapa yg nyuruh dan aneh d,netral
 dobol jaran kadrun pakai rompi,tidak mendukung
   robotnya manasudah bertelur belumada musibah dikandangin ae,netral
 laporkan dong k kpk klu ada bukti jng koar d medsos doang ngopi pak biar ga stres mikirin pak anies baswedan ,netral
 wow ada babilungeh,netral
kamhar lakumani sebut anies baswedan sudah penuhi janji kampanye tanpa masuk goronggorong,dukungan
 hello  amp  multistrada have to refloat shares to 75 at max 2 years in which in this case 21 may 2021 til now there is no action michelin please honour and fullfiled the regulation pojk no3pojk042021 ojk please protect the investors,netral
 ternyata adalah agen gandayg d susupkan sjak perang dingin harap hati hati,netral
indonesiamemanggil 5 tahun anies baswedan memimpin dki jakarta dibanding dengan periode sebelumnya makalebih baikretwee,netral
kenduri rakyat jarnas anies baswedan memggelar tumpengan dukung anies capres 2024kenduri rakyat dilaksanakan serentak,dukungan
toleransi semu dan palsu ala anies baswedan mncatut nama org dan palsukan tandatangan utk sbuah piagam palsu nan tengikv,netral
 alhamdulillah udah bener ternyata ga milih anies baswedan,netral
hati nurani anies baswedan telah mati di saat jakarta berduka dia sibuk deklarasikepulauan bangka belitunganiesnasd,netral
zaman anies baswedan rakyat sangat dimudahkansaking mudahnya rakyat tidak perlu datang hanya ngadu lewat hp atau set,netral
foto gubernur dki jakarta anies baswedan menghadiri acara perpisahannya di balai kota jakarta di atas panggung anies meny,dukungan
 awas ada give away baju shopee ,netral
 itu sih cm alasan krn faktanya tidak ada satupun masjid yg dibangun masa kalah sm gubernur kafir siiiih hadeuuh ,netral
sinyal buat koalisi ak2412 oktoober 2022jenderal andika perkasa saya belum pernah ketemu blm komunikasi14 oktober 20,dukungan
pmi kok ikut ikutan main politik galang dukungan anies baswedan siapa ini dalangnya apakah dana pmi untuk kegiatan po,tidak mendukung
foto gubernur dki jakarta anies baswedan menghadiri acara perpisahannya di balai kota jakarta di atas panggung anies meny,dukungan
indonesiamemanggil 5 tahun anies baswedan memimpin dki jakarta dibanding dengan periode sebelumnya makalebih baikretwee,netral
tidak masalahnanti juga mengerucut memilih yg terbaikdan lagi koalisi pemerintah belum memutuskan capres kita masih sibuk kerjaanda merasa pinter tapi bodohmau pd pks dan nasdem bareng an mencalonkan wan ambruk emang masalah ,netral
cuma 2 perahu ngakunya ratusan ,netral
jogja kandang ganjar sdh tergerus oleh anies baswedan ,dukungan
tgl 30 oktober silahkan merapat ke yogyakarta,dukungan
 presiden yang ke 2024 ,netral
kelihatan banget asalnya belum juga koordinasi sama staf dan jajarannya tahu2 dah ngomong program2 aja giveaway kok gini banget ya min ,netral
 itu kan mau lu pak tua ,tidak mendukung
ada apa dengan anies baswedan ini baru pertama kali terjadi di indonesia bahkan dunia maaf kalau saya salah  dimana pa,netral
gelar acara dukungan warga jateng ingin merasakan dipimpin anies baswedan,dukungan
sebagai ketum fpmm saya mendukung anies waktu pilkada dki jakarta untuk pilpres 2024 saya mendukung anies lagi ujar umar kei temponasional ,dukungan
bukan di atas jep mewah beliau hanya bersepeda barakallah kami akan antar pak anies baswedan menuju ri1 ,dukungan
 hahaha  tangkap anies baswedan,dukungan
 kadrun adalah antitesa cebong dunia terbalik adalah punya kadrun mania,dukungan
bapak christoforus rea tokoh ummat katolik namanya dicatut untuk gelar bapak toleransi beragama unt anies baswedandia,dukungan
 setuju p3 gabung,tidak mendukung
anies baswedan dilepas lautan manusia sebelum anies berpidato ariza patria berpidato anies ajak warga untuk menyanyi bers,dukungan
 kwekkwek ,tidak mendukung
gelar acara dukungan warga jateng ingin merasakan dipimpin anies baswedan,dukungan
untuk menjadikan indonesia lebih baik maka orangorang baik harus mau terjun ke dunia politikhal itu disampaikan anie,tidak mendukung
gelar acara dukungan warga jateng ingin merasakan dipimpin anies baswedan,dukungan
puji kinerja anies baswedan mendagri insyaallah dapat pahala berlimpah ,netral
video ini hanya untuk orang yang belum tahu prestasi gubernur dki jakarta bang anies baswedan ,netral
ratusan nelayan di indramayu deklarasi dukung anies baswedan presiden 2024 1610 ,dukungan
gelar acara dukungan warga jateng ingin merasakan dipimpin anies baswedan,dukungan
indonesiamemanggil 5 tahun anies baswedan memimpin dki jakarta dibanding dengan periode sebelumnya makalebih baikretwee,netral
warga kota makassar menyambut pelepasan gubernur dki anies baswedan kini menjadi calon presiden 20242029 dengan kelili,netral
anies baswedan lengser giring ganesha a new hope for jakarta langsung gaspol ,dukungan
foto gubernur dki jakarta anies baswedan menghadiri acara perpisahannya di balai kota jakarta di atas panggung anies meny,dukungan
partai koalisi pemerintah 82 suaranya di parlemen dari 7 partai saat pencapresan tak mau bersatu mereka ingin sendiri,dukungan
 pantes saja yunarto wijaya sangat benci bpk anies baswedanrupanya pendukungnya ahokwkwkwk,dukungan
seluruh kepala suku adat papua dan papua barat pastikan kemenangan anies baswedan di pilpres 2024 dn batalkan dob papu,netral
ini di pusat kota semarang jawa tengah sekumpulan warga mendukung anies baswedan previous mayor of jakarta untuk menja,netral
anies baswedan duduk bareng elite parpol pks kami makin erat dan cocok ,dukungan
bapak christoforus rea tokoh ummat katolik namanya dicatut untuk gelar bapak toleransi beragama unt anies baswedandia,dukungan
jogja kandang ganjar sdh tergerus oleh anies baswedan ,dukungan
anies baswedan tak menduga ribuan warga jakarta hadiri perpisahan dirinya ,dukungan
indonesiamemanggil 5 tahun anies baswedan memimpin dki jakarta dibanding dengan periode sebelumnya makalebih baikretwee,netral
 wahhhaneksasi itu ,tidak mendukung
anies baswedan from dki jakarta to indonesia aniesbaswedan jakarta indonesia ,netral
gelar acara dukungan warga jateng ingin merasakan dipimpin anies baswedan,dukungan
partai koalisi pemerintah 82 suaranya di parlemen dari 7 partai saat pencapresan tak mau bersatu mereka ingin sendiri,dukungan
warga kota makassar menyambut pelepasan gubernur dki anies baswedan kini menjadi calon presiden 20242029 dengan kelili,netral
tentunya 99 rakyat indonesia sudah pasti mendukung bapak ex gubernur dki menjadi presiden ri 20241 yg tidak mendukung biasanya londo ireng benalu demokrasi buzzerp kelaparan dan kaum zindiq indonesiamemanggiljkwingkarjanji ,tidak mendukung
 alhmdulillah,dukungan
ironi kereta cepat ngotot diklaim b to b tapi pakai duit apbnsepertinya kerja anies baswedan tidak akan ringan saat menj,netral
bapak christoforus rea tokoh ummat katolik namanya dicatut untuk gelar bapak toleransi beragama unt anies baswedandia,dukungan
warga kota makassar menyambut pelepasan gubernur dki anies baswedan kini menjadi calon presiden 20242029 dengan kelili,netral
gelar acara dukungan warga jateng ingin merasakan dipimpin anies baswedan,dukungan
izinkan foto ini yang berceritaindonesiamemanggilanies ,tidak mendukung
pamit anies baswedan ucapkan terima kasih ke gerindra dan pks,netral
 katong org timur khususnya di ntt siap mendukung bpk anies baswedan jadi presiden,tidak mendukung
video ini hanya untuk orang yang belum tahu prestasi gubernur dki jakarta bang anies baswedan ,netral
 caiirrr dulu ama ps skrg ama ab maju tak gentar membela yg bayaaaarrr,tidak mendukung
jalan beda heru budi dan anies baswedan di jakarta ,netral
kenduri rakyat jarnas anies baswedan memggelar tumpengan dukung anies capres 2024kenduri rakyat dilaksanakan serentak,dukungan
 horee jakarta sudah buang hajat ,tidak mendukung
ada apa dengan anies baswedan ini baru pertama kali terjadi di indonesia bahkan dunia maaf kalau saya salah  dimana pa,netral
partai koalisi pemerintah 82 suaranya di parlemen dari 7 partai saat pencapresan tak mau bersatu mereka ingin sendiri,dukungan
dari jogjakarta utk anies baswedan ,dukungan
aktivis anies baswedan jadikan jakarta maju seperti kota di eropa ,dukungan
video ini hanya untuk orang yang belum tahu prestasi gubernur dki jakarta bang anies baswedan ,netral
hanya pandai omdo ajakelebihan bayar dn php ,dukungan
 mending ma gatot sih ingat dia menantu nya hendro,tidak mendukung
anies baswedan tidak terburuburu menentukan cawapres,netral
zaman anies baswedan rakyat sangat dimudahkansaking mudahnya rakyat tidak perlu datang hanya ngadu lewat hp atau set,netral
tidak ringan permasalahan di jakarta sangat kompleks sekali tapi bapak anies bisa menyelesaikan ujar mendag tito kar,netral
 awas kena diare lagi om,tidak mendukung
video ini hanya untuk orang yang belum tahu prestasi gubernur dki jakarta bang anies baswedan ,netral
memalukan niat anies baswedan mau perpisahan malah dimaki masyarakatkepulauan bangka belitunganiesnasdemout tenggel,dukungan
pesan buat kitasemua ,tidak mendukung
anies baswedan orang baik harus mau masuk politikindonesiamemanggilanies aniespresiden2024,dukungan
   laporkan pemalsuan ke polda,dukungan
masyarakat jakarta telah muak dengan pembodohan publik yang dilakukan anies baswedankepulauan bangka belitunganiesna,dukungan
mengembalikan balaikota seperti masa masa jahiliyah sebelum rezim anies baswedan dasarnya tidak bisa diajak maju dan,dukungan
 kerja kerja kerjataulahmaksudnyapodo kae,dukungan
pdip menyindir deklarasi capres anies baswedan yang dilakukan nasdem ,netral
kamhar lakumani sebut anies baswedan sudah penuhi janji kampanye tanpa masuk goronggorong,dukungan
video ini hanya untuk orang yang belum tahu prestasi gubernur dki jakarta bang anies baswedan ,netral
video ini hanya untuk orang yang belum tahu prestasi gubernur dki jakarta bang anies baswedan ,netral
gelar acara dukungan warga jateng ingin merasakan dipimpin anies baswedan,dukungan
 terima kasih om ,tidak mendukung
 semoga sukses ya gun ,netral
 buang2 tenaga ngamuk2 mending ngopi bro pak anies baswedan sehat sllu salam sehat dan bahagia buat kang tohir ,tidak mendukung
 bagi rata kuponnya ,dukungan
selama 5 tahun jakarta dijajah oleh anies baswedan hingga jakarta tenggelamkepulauan bangka belitunganiesnasdemout ,dukungan
 masih merasa herman eh heran masih ada aja yang bela matian gubernur terbodoh,netral
indonesiamemanggil 5 tahun anies baswedan memimpin dki jakarta dibanding dengan periode sebelumnya makalebih baikretwee,netral
hadiah dari untuk anies baswedan yg telah berlaku adil terhadap seluruh masyarakat selama menjadi gubernur,netral
indonesiamemanggil 5 tahun anies baswedan memimpin dki jakarta dibanding dengan periode sebelumnya makalebih baikretwee,netral
ada apa dengan anies baswedan ini baru pertama kali terjadi di indonesia bahkan dunia maaf kalau saya salah  dimana pa,netral
sejak kemarin anies baswedan bukan lagi gubernur indonesiaanies baswedan telah menjelma menjadi gubernur duniaindo,netral
,tidak mendukung
indonesiamemanggil 5 tahun anies baswedan memimpin dki jakarta dibanding dengan periode sebelumnya makalebih baikretwee,netral
